name,energy_weight,energy_margin,energy_compact_weight,single_AUROC,single_AUPR,single_FPR95,recommended_logit_scale,recommended_temperature,AUROC_mean,AUROC_std,AUPR_mean,AUPR_std,FPR95_mean,FPR95_std,final_loss,final_semantic,final_prototype,final_energy_boundary,final_energy_compact,checkpoint
ew02_m-6,0.2,-6.0,0.05,0.8016732343784473,0.8137635477307269,0.7700831024930748,15.0,0.9184873700141907,0.8180403850800734,0.012227045835973676,0.8442261369300954,0.019124291856735268,0.7874950534230313,0.032565161236946555,0.32028821110725403,1.4440690279006958,0.030801311135292053,0.0,0.0673091858625412,./sweep_results/energy_boundary\ew02_m-6.pth
ew01_m-7,0.1,-7.0,0.05,0.8103243816341039,0.8192031922422385,0.6177285318559557,20.0,2.4550418853759766,0.8343583983246425,0.015570155518148028,0.8517770605662606,0.02447321192698883,0.631183221210922,0.050547724105534673,0.30968591570854187,1.45437753200531,0.018602309748530388,0.0,0.04161691665649414,./sweep_results/energy_boundary\ew01_m-7.pth
ew03_m-6,0.3,-6.0,0.05,0.8390119015517368,0.8514547215734528,0.6094182825484764,10.0,0.9184873700141907,0.8521004128859643,0.0135493709182756,0.8760051790793569,0.018945911397131986,0.6331618519984171,0.02278778005364142,0.3040754199028015,1.4497325420379639,0.013483832590281963,0.0,0.04300462082028389,./sweep_results/energy_boundary\ew03_m-6.pth
ew05_m-5,0.5,-5.0,0.05,0.7950651766234402,0.8229148445620853,0.6385041551246537,15.0,1.386134386062622,0.8041378772968752,0.012167562103844272,0.8386573442146535,0.01585944625495339,0.6557182429758608,0.023444896309613963,0.30425137281417847,1.4169926643371582,0.018637893721461296,0.0,0.08859743922948837,./sweep_results/energy_boundary\ew05_m-5.pth
