name,recommended_logit_scale,recommended_temperature,AUROC_mean,AUROC_std,AUPR_mean,AUPR_std,FPR95_mean,FPR95_std
ew02_m-6,15.0,1.2525209188461304,0.7878693298219933,0.015019284455368483,0.823127557082027,0.019639143176085717,0.7677087455480808,0.04942934947331185
ew01_m-7,15.0,0.9184873700141907,0.8117118308113086,0.01824495000482229,0.8436680648292414,0.01934255471809732,0.699248120300752,0.012551445609144202
ew03_m-6,10.0,0.5844537615776062,0.7709931851052876,0.023690116447327866,0.8102000682151642,0.026529876425412238,0.8725761772853186,0.03428002821956109
ew05_m-5,10.0,0.9184873700141907,0.7937745796722827,0.00950471553386868,0.8289586367172495,0.015580507306487941,0.7055797388207361,0.02494016819404627
