name,single_AUROC,single_AUPR,single_FPR95
ew02_m-6,0.8016732343784473,0.8137635477307269,0.7700831024930748
ew01_m-7,0.8103243816341039,0.8192031922422385,0.6177285318559557
ew03_m-6,0.8390119015517368,0.8514547215734528,0.6094182825484764
ew05_m-5,0.7950651766234402,0.8229148445620853,0.6385041551246537
