name,final_loss,final_semantic,final_prototype,final_energy_boundary,final_energy_compact
ew02_m-6,0.32028821110725403,1.4440690279006958,0.030801311135292053,0.0,0.0673091858625412
ew01_m-7,0.30968591570854187,1.45437753200531,0.018602309748530388,0.0,0.04161691665649414
ew03_m-6,0.3040754199028015,1.4497325420379639,0.013483832590281963,0.0,0.04300462082028389
ew05_m-5,0.30425137281417847,1.4169926643371582,0.018637893721461296,0.0,0.08859743922948837
